{
  "best_global_step": null,
  "best_metric": null,
  "best_model_checkpoint": null,
  "epoch": 2.0,
  "eval_steps": 500,
  "global_step": 84,
  "is_hyper_param_search": false,
  "is_local_process_zero": true,
  "is_world_process_zero": true,
  "log_history": [
    {
      "entropy": 2.148119729757309,
      "epoch": 0.23952095808383234,
      "grad_norm": 1.4765625,
      "learning_rate": 1.8571428571428575e-05,
      "logits/chosen": 1.1235660534416323,
      "logits/rejected": 1.169187297376916,
      "logps/chosen": -64.49183874130249,
      "logps/rejected": -66.99413681030273,
      "loss": 0.6945332527160645,
      "mean_token_accuracy": 0.4809242717921734,
      "num_tokens": 4782.0,
      "rewards/accuracies": 0.4125,
      "rewards/chosen": -0.0004511451639700681,
      "rewards/margins": -0.0025947619404178114,
      "rewards/rejected": 0.002143616614921484,
      "step": 10
    },
    {
      "entropy": 2.1492733359336853,
      "epoch": 0.47904191616766467,
      "grad_norm": 1.0390625,
      "learning_rate": 1.6984126984126985e-05,
      "logits/chosen": 1.0071654684362863,
      "logits/rejected": 1.0788653841951343,
      "logps/chosen": -68.99111223220825,
      "logps/rejected": -68.49022045135499,
      "loss": 0.6944855690002442,
      "mean_token_accuracy": 0.46310300268232824,
      "num_tokens": 9728.0,
      "rewards/accuracies": 0.4,
      "rewards/chosen": -6.443982711061836e-05,
      "rewards/margins": -0.0024964285898022355,
      "rewards/rejected": 0.0024319888558238744,
      "step": 20
    },
    {
      "entropy": 2.029635950922966,
      "epoch": 0.718562874251497,
      "grad_norm": 0.97265625,
      "learning_rate": 1.5396825396825398e-05,
      "logits/chosen": 0.6770231777975242,
      "logits/rejected": 0.7974009134112328,
      "logps/chosen": -68.89316282272338,
      "logps/rejected": -65.59894189834594,
      "loss": 0.69417405128479,
      "mean_token_accuracy": 0.4741994313895702,
      "num_tokens": 14690.0,
      "rewards/accuracies": 0.4125,
      "rewards/chosen": -0.00044335853890515865,
      "rewards/margins": -0.001888256036909297,
      "rewards/rejected": 0.0014448976100538858,
      "step": 30
    },
    {
      "entropy": 2.1730492383241655,
      "epoch": 0.9580838323353293,
      "grad_norm": 1.0390625,
      "learning_rate": 1.3809523809523811e-05,
      "logits/chosen": 1.151128084938858,
      "logits/rejected": 1.1119455888070822,
      "logps/chosen": -68.96304626464844,
      "logps/rejected": -65.18037710189819,
      "loss": 0.692414665222168,
      "mean_token_accuracy": 0.46681164801120756,
      "num_tokens": 19533.0,
      "rewards/accuracies": 0.5,
      "rewards/chosen": -0.0005629730789223686,
      "rewards/margins": 0.001651453977683559,
      "rewards/rejected": -0.0022144270333228633,
      "step": 40
    },
    {
      "entropy": 2.1490146135672545,
      "epoch": 1.1916167664670658,
      "grad_norm": 2.140625,
      "learning_rate": 1.2222222222222224e-05,
      "logits/chosen": 0.9531546623371449,
      "logits/rejected": 1.1355865465181185,
      "logps/chosen": -66.05342268332457,
      "logps/rejected": -65.21223801832933,
      "loss": 0.6893529891967773,
      "mean_token_accuracy": 0.47067166215334183,
      "num_tokens": 24153.0,
      "rewards/accuracies": 0.6153846153846154,
      "rewards/chosen": 0.006221072175181829,
      "rewards/margins": 0.0074484408474885504,
      "rewards/rejected": -0.0012273691140879423,
      "step": 50
    },
    {
      "entropy": 2.1531786739826204,
      "epoch": 1.4311377245508983,
      "grad_norm": 0.94140625,
      "learning_rate": 1.0634920634920636e-05,
      "logits/chosen": 1.1072417909866668,
      "logits/rejected": 1.136764491499687,
      "logps/chosen": -66.55372161865235,
      "logps/rejected": -67.72847404479981,
      "loss": 0.6864491462707519,
      "mean_token_accuracy": 0.48570738881826403,
      "num_tokens": 28924.0,
      "rewards/accuracies": 0.5875,
      "rewards/chosen": 0.0057239581306930635,
      "rewards/margins": 0.013695273740449921,
      "rewards/rejected": -0.00797131527797319,
      "step": 60
    },
    {
      "entropy": 2.104084259271622,
      "epoch": 1.6706586826347305,
      "grad_norm": 1.2890625,
      "learning_rate": 9.047619047619049e-06,
      "logits/chosen": 0.9837499270581841,
      "logits/rejected": 1.1095203817334252,
      "logps/chosen": -69.69784173965454,
      "logps/rejected": -68.23527965545654,
      "loss": 0.6858307838439941,
      "mean_token_accuracy": 0.491845690459013,
      "num_tokens": 34013.0,
      "rewards/accuracies": 0.6625,
      "rewards/chosen": 0.004016523313475772,
      "rewards/margins": 0.01490065127145499,
      "rewards/rejected": -0.010884127803728915,
      "step": 70
    },
    {
      "entropy": 2.1063616394996645,
      "epoch": 1.910179640718563,
      "grad_norm": 1.2265625,
      "learning_rate": 7.460317460317461e-06,
      "logits/chosen": 0.8776529728201883,
      "logits/rejected": 0.9218168799146442,
      "logps/chosen": -65.80473985671998,
      "logps/rejected": -64.96489057540893,
      "loss": 0.684685754776001,
      "mean_token_accuracy": 0.46753179132938383,
      "num_tokens": 38782.0,
      "rewards/accuracies": 0.725,
      "rewards/chosen": 0.013179030672472437,
      "rewards/margins": 0.017295265864231624,
      "rewards/rejected": -0.004116234958928544,
      "step": 80
    }
  ],
  "logging_steps": 10,
  "max_steps": 126,
  "num_input_tokens_seen": 0,
  "num_train_epochs": 3,
  "save_steps": 500,
  "stateful_callbacks": {
    "TrainerControl": {
      "args": {
        "should_epoch_stop": false,
        "should_evaluate": false,
        "should_log": false,
        "should_save": true,
        "should_training_stop": false
      },
      "attributes": {}
    }
  },
  "total_flos": 401950737641472.0,
  "train_batch_size": 2,
  "trial_name": null,
  "trial_params": null
}
