{
  "best_global_step": null,
  "best_metric": null,
  "best_model_checkpoint": null,
  "epoch": 1.0,
  "eval_steps": 500,
  "global_step": 42,
  "is_hyper_param_search": false,
  "is_local_process_zero": true,
  "is_world_process_zero": true,
  "log_history": [
    {
      "entropy": 2.148119729757309,
      "epoch": 0.23952095808383234,
      "grad_norm": 1.4765625,
      "learning_rate": 1.8571428571428575e-05,
      "logits/chosen": 1.1235660534416323,
      "logits/rejected": 1.169187297376916,
      "logps/chosen": -64.49183874130249,
      "logps/rejected": -66.99413681030273,
      "loss": 0.6945332527160645,
      "mean_token_accuracy": 0.4809242717921734,
      "num_tokens": 4782.0,
      "rewards/accuracies": 0.4125,
      "rewards/chosen": -0.0004511451639700681,
      "rewards/margins": -0.0025947619404178114,
      "rewards/rejected": 0.002143616614921484,
      "step": 10
    },
    {
      "entropy": 2.1492733359336853,
      "epoch": 0.47904191616766467,
      "grad_norm": 1.0390625,
      "learning_rate": 1.6984126984126985e-05,
      "logits/chosen": 1.0071654684362863,
      "logits/rejected": 1.0788653841951343,
      "logps/chosen": -68.99111223220825,
      "logps/rejected": -68.49022045135499,
      "loss": 0.6944855690002442,
      "mean_token_accuracy": 0.46310300268232824,
      "num_tokens": 9728.0,
      "rewards/accuracies": 0.4,
      "rewards/chosen": -6.443982711061836e-05,
      "rewards/margins": -0.0024964285898022355,
      "rewards/rejected": 0.0024319888558238744,
      "step": 20
    },
    {
      "entropy": 2.029635950922966,
      "epoch": 0.718562874251497,
      "grad_norm": 0.97265625,
      "learning_rate": 1.5396825396825398e-05,
      "logits/chosen": 0.6770231777975242,
      "logits/rejected": 0.7974009134112328,
      "logps/chosen": -68.89316282272338,
      "logps/rejected": -65.59894189834594,
      "loss": 0.69417405128479,
      "mean_token_accuracy": 0.4741994313895702,
      "num_tokens": 14690.0,
      "rewards/accuracies": 0.4125,
      "rewards/chosen": -0.00044335853890515865,
      "rewards/margins": -0.001888256036909297,
      "rewards/rejected": 0.0014448976100538858,
      "step": 30
    },
    {
      "entropy": 2.1730492383241655,
      "epoch": 0.9580838323353293,
      "grad_norm": 1.0390625,
      "learning_rate": 1.3809523809523811e-05,
      "logits/chosen": 1.151128084938858,
      "logits/rejected": 1.1119455888070822,
      "logps/chosen": -68.96304626464844,
      "logps/rejected": -65.18037710189819,
      "loss": 0.692414665222168,
      "mean_token_accuracy": 0.46681164801120756,
      "num_tokens": 19533.0,
      "rewards/accuracies": 0.5,
      "rewards/chosen": -0.0005629730789223686,
      "rewards/margins": 0.001651453977683559,
      "rewards/rejected": -0.0022144270333228633,
      "step": 40
    }
  ],
  "logging_steps": 10,
  "max_steps": 126,
  "num_input_tokens_seen": 0,
  "num_train_epochs": 3,
  "save_steps": 500,
  "stateful_callbacks": {
    "TrainerControl": {
      "args": {
        "should_epoch_stop": false,
        "should_evaluate": false,
        "should_log": false,
        "should_save": true,
        "should_training_stop": false
      },
      "attributes": {}
    }
  },
  "total_flos": 200707170275328.0,
  "train_batch_size": 2,
  "trial_name": null,
  "trial_params": null
}
