category,dist_lit_intent,dist_lit_facet,dist_facet_intent
Epistemic,0.26196925424039363,0.3068555622920394,0.32255083084106445
Facet,0.3556337502785027,0.3015478499978781,0.31455003544688226
Intent,0.3542668706085533,0.31474754624068735,0.3434080039337277
Linguistic,0.23846332781016827,0.2640294238179922,0.24507694572210312
